{
	"formatVersion": 2,
	"appVersion": "0.60.4",
	"files": [
		{
			"isClone": false,
			"noteId": "8blBTd94L8Eb",
			"notePath": [
				"8blBTd94L8Eb"
			],
			"title": "documentation template ",
			"notePosition": 20,
			"prefix": null,
			"isExpanded": false,
			"type": "text",
			"mime": "text/html",
			"attributes": [
				{
					"type": "label",
					"name": "viewType",
					"value": "list",
					"isInheritable": false,
					"position": 10
				},
				{
					"type": "label",
					"name": "template",
					"value": "",
					"isInheritable": false,
					"position": 20
				}
			],
			"format": "html",
			"dataFileName": "documentation template.html",
			"dirFileName": "documentation template",
			"children": [
				{
					"isClone": false,
					"noteId": "IfYLTEkKHODi",
					"notePath": [
						"8blBTd94L8Eb",
						"IfYLTEkKHODi"
					],
					"title": "What does it do",
					"notePosition": 10,
					"prefix": null,
					"isExpanded": false,
					"type": "text",
					"mime": "text/html",
					"attributes": [],
					"format": "html",
					"dataFileName": "What does it do.html"
				},
				{
					"isClone": false,
					"noteId": "DAXhBXyNLRyH",
					"notePath": [
						"8blBTd94L8Eb",
						"DAXhBXyNLRyH"
					],
					"title": "implementation",
					"notePosition": 30,
					"prefix": null,
					"isExpanded": true,
					"type": "text",
					"mime": "text/html",
					"attributes": [],
					"format": "html",
					"dataFileName": "implementation.html",
					"dirFileName": "implementation",
					"children": [
						{
							"isClone": false,
							"noteId": "QNB1AAegcs5M",
							"notePath": [
								"8blBTd94L8Eb",
								"DAXhBXyNLRyH",
								"QNB1AAegcs5M"
							],
							"title": "Basic Execution Map",
							"notePosition": 20,
							"prefix": null,
							"isExpanded": false,
							"type": "canvas",
							"mime": "application/json",
							"attributes": [],
							"dataFileName": "Basic Execution Map.json"
						},
						{
							"isClone": false,
							"noteId": "2LzNKEdreFKw",
							"notePath": [
								"8blBTd94L8Eb",
								"DAXhBXyNLRyH",
								"2LzNKEdreFKw"
							],
							"title": "Basic implementation plan",
							"notePosition": 10,
							"prefix": null,
							"isExpanded": false,
							"type": "text",
							"mime": "text/html",
							"attributes": [],
							"format": "html",
							"dataFileName": "Basic implementation plan.html"
						},
						{
							"isClone": false,
							"noteId": "wzOPamwpq0jx",
							"notePath": [
								"8blBTd94L8Eb",
								"DAXhBXyNLRyH",
								"wzOPamwpq0jx"
							],
							"title": "Deep",
							"notePosition": 40,
							"prefix": null,
							"isExpanded": true,
							"type": "text",
							"mime": "text/html",
							"attributes": [],
							"format": "html",
							"dirFileName": "Deep",
							"children": [
								{
									"isClone": false,
									"noteId": "JWl0xJ2sBM9U",
									"notePath": [
										"8blBTd94L8Eb",
										"DAXhBXyNLRyH",
										"wzOPamwpq0jx",
										"JWl0xJ2sBM9U"
									],
									"title": "Class and function map",
									"notePosition": 10,
									"prefix": null,
									"isExpanded": false,
									"type": "canvas",
									"mime": "application/json",
									"attributes": [],
									"dataFileName": "Class and function map.json"
								},
								{
									"isClone": false,
									"noteId": "0SQbPA3sTiCp",
									"notePath": [
										"8blBTd94L8Eb",
										"DAXhBXyNLRyH",
										"wzOPamwpq0jx",
										"0SQbPA3sTiCp"
									],
									"title": "Class and function description",
									"notePosition": 20,
									"prefix": null,
									"isExpanded": false,
									"type": "text",
									"mime": "text/html",
									"attributes": [],
									"format": "html",
									"dataFileName": "Class and function description.html"
								}
							]
						}
					]
				},
				{
					"isClone": false,
					"noteId": "Amtj3vCVKWZf",
					"notePath": [
						"8blBTd94L8Eb",
						"Amtj3vCVKWZf"
					],
					"title": "Specification",
					"notePosition": 20,
					"prefix": null,
					"isExpanded": false,
					"type": "text",
					"mime": "text/html",
					"attributes": [],
					"format": "html",
					"dataFileName": "Specification.html"
				}
			]
		},
		{
			"noImport": true,
			"dataFileName": "navigation.html"
		},
		{
			"noImport": true,
			"dataFileName": "index.html"
		},
		{
			"noImport": true,
			"dataFileName": "style.css"
		}
	]
}